{"TSLA": 1.294442892074585, "COST": 0.2923264503479004, "BA": -0.05085545778274536, "V": 0.03221464157104492, "ETH-USD": 1.1692979335784912, "BTC-USD": 0.7241989374160767, "WMT": 0.11225903034210205}